{"cameraMode":{"drawMode":0,"name":"Shaded","section":"Shading Mode"},"sceneLighting":false,"audioPlay":false,"sceneViewState":{"m_AlwaysRefresh":false,"showFog":false,"showSkybox":false,"showFlares":false,"showImageEffects":false,"showParticleSystems":false,"showVisualEffectGraphs":true,"m_FxEnabled":true},"in2DMode":false,"pivot":{"x":0.34928572177886965,"y":0.9920083284378052,"z":0.40955665707588198},"rotation":{"x":0.0012631408171728254,"y":-0.9797279238700867,"z":0.0061819045804440979,"w":0.20023991167545319},"size":2.5016629695892336,"orthographic":false}